,roll,name,marks,gender
0,1,Student1,49,Female
1,2,Student2,87,Male
2,3,Student3,85,Female
3,4,Student4,91,Female
4,5,Student5,50,Male
5,6,Student6,68,Female
6,7,Student7,69,Female
7,8,Student8,70,Female
8,9,Student9,65,Female
9,10,Student10,81,Female
10,11,Student11,54,Male
11,12,Student12,70,Male
12,13,Student13,45,Female
13,14,Student14,59,Female
14,15,Student15,58,Male
15,16,Student16,45,Male
16,17,Student17,97,Male
17,18,Student18,64,Female
18,19,Student19,79,Female
19,20,Student20,96,Female
20,21,Student21,77,Female
21,22,Student22,99,Female
22,23,Student23,38,Female
23,24,Student24,56,Female
24,25,Student25,46,Male
25,26,Student26,47,Female
26,27,Student27,94,Male
27,28,Student28,83,Female
28,29,Student29,57,Female
29,30,Student30,70,Male
30,31,Student31,54,Female
31,32,Student32,87,Female
32,33,Student33,51,Female
33,34,Student34,63,Male
34,35,Student35,70,Male
35,36,Student36,42,Female
36,37,Student37,49,Female
37,38,Student38,78,Male
38,39,Student39,83,Male
39,40,Student40,81,Female
40,41,Student41,69,Male
41,42,Student42,96,Male
42,43,Student43,90,Female
43,44,Student44,72,Male
44,45,Student45,93,Male
45,46,Student46,44,Male
46,47,Student47,78,Male
47,48,Student48,91,Female
48,49,Student49,98,Male
49,50,Student50,95,Male
